code,name,trades,win_rate,final_pnl,max_dd,avg_pnl
5631,日本製鋼所,12,83.3,174821,-1.89,14568
1515,日鉄鉱業,13,84.6,166132,-0.76,12779
7003,三井Ｅ＆Ｓ,18,66.7,151709,-2.44,8428
6857,アドバンテスト,17,70.6,145650,-1.59,8567
6590,芝浦メカトロニクス,8,87.5,144118,-1.67,18014
4506,住友ファーマ,12,75.0,143023,-0.52,11918
9024,西武ホールディングス,11,81.8,131150,-1.07,11922
8360,山梨中央銀行,16,75.0,128651,-2.43,8040
3741,セック,14,85.7,119521,-1.58,8537
4062,イビデン,9,77.8,116224,-1.95,12913
6941,山一電機,11,72.7,113278,-1.49,10298
1942,関電工,20,65.0,112852,-2.19,5642
4971,メック,6,100.0,111452,0.0,18575
7012,川崎重工業,20,65.0,109431,-3.2,5471
1605,ＩＮＰＥＸ,14,71.4,105337,-1.39,7524
6269,三井海洋開発,15,60.0,104634,-1.91,6975
7456,松田産業,19,68.4,99693,-1.58,5247
7220,武蔵精密工業,14,64.3,99317,-2.38,7094
7173,東京きらぼしフィナンシャルグループ,17,64.7,97605,-1.09,5741
7013,ＩＨＩ,18,66.7,90609,-2.71,5033
1961,三機工業,15,80.0,90295,-2.11,6019
4403,日油,11,81.8,89421,-0.97,8129
1803,清水建設,15,80.0,88443,-0.88,5896
5805,ＳＷＣＣ,11,63.6,88321,-1.81,8029
1893,五洋建設,13,84.6,88315,-0.38,6793
6617,東光高岳,19,52.6,87885,-2.85,4625
4676,フジ・メディア・ホールディングス,12,58.3,87225,-1.65,7268
3110,日東紡績,6,83.3,86966,-0.18,14494
7011,三菱重工業,20,60.0,84893,-2.89,4244
5333,ＮＧＫ,13,76.9,82264,-2.32,6328
8551,北日本銀行,19,63.2,82075,-2.18,4319
1801,大成建設,17,64.7,79833,-1.72,4696
8361,大垣共立銀行,13,69.2,77902,-1.49,5992
3659,ネクソン,9,88.9,77710,-1.13,8634
4022,ラサ工業,21,61.9,77096,-2.34,3671
8877,エスリード,18,72.2,75946,-1.01,4219
6387,サムコ,8,62.5,74619,-2.26,9327
4004,レゾナック・ホールディングス,13,76.9,73650,-1.67,5665
6871,日本マイクロニクス,6,66.7,73298,-1.99,12216
8522,名古屋銀行,13,76.9,72166,-1.58,5551
6101,ツガミ,16,62.5,70777,-2.29,4423
2432,ディー・エヌ・エー,13,53.8,70668,-3.84,5436
4626,太陽ホールディングス,17,70.6,70405,-1.55,4141
6841,横河電機,11,72.7,68879,-0.86,6261
5803,フジクラ,16,50.0,68035,-3.28,4252
1812,鹿島建設,15,66.7,67361,-1.72,4490
9722,藤田観光,12,66.7,67006,-3.09,5583
8059,第一実業,13,61.5,66412,-0.99,5108
3563,ＦＯＯＤ　＆　ＬＩＦＥ　ＣＯＭＰＡＮＩＥＳ,10,80.0,65956,-2.11,6595
6376,日機装,6,100.0,65480,0.0,10913
5541,大平洋金属,18,55.6,65382,-3.0,3632
1980,ダイダン,14,71.4,65272,-1.2,4662
7102,日本車輌製造,9,77.8,64415,-0.78,7157
1815,鉄建建設,12,75.0,64063,-2.0,5338
5706,三井金属,12,50.0,64017,-1.88,5334
3153,八洲電機,15,53.3,63457,-1.32,4230
6754,アンリツ,11,72.7,62872,-1.25,5715
8341,七十七銀行,14,64.3,61735,-1.22,4409
1950,日本電設工業,13,76.9,61413,-1.48,4724
1814,大末建設,12,58.3,61215,-1.53,5101
3036,アルコニックス,13,61.5,61089,-1.88,4699
8708,アイザワ証券グループ,9,66.7,60670,-0.83,6741
2108,日本甜菜製糖,15,66.7,60602,-1.65,4040
6474,不二越,13,69.2,60506,-1.38,4654
4229,群栄化学工業,8,87.5,60453,-0.83,7556
7826,フルヤ金属,7,57.1,60369,-2.35,8624
1663,Ｋ＆Ｏエナジーグループ,10,80.0,59806,-1.27,5980
1969,高砂熱学工業,12,58.3,59607,-2.13,4967
6752,パナソニック　ホールディングス,11,63.6,59530,-1.71,5411
4275,カーリット,14,64.3,59505,-1.99,4250
7350,おきなわフィナンシャルグループ,10,80.0,59379,-0.9,5937
8362,福井銀行,11,63.6,59293,-1.02,5390
5715,古河機械金属,13,61.5,59231,-2.08,4556
7224,新明和工業,14,64.3,59053,-1.35,4218
6651,日東工業,13,76.9,58614,-0.76,4508
9068,丸全昭和運輸,14,71.4,58490,-1.77,4177
8267,イオン,13,69.2,58138,-0.72,4472
3046,ジンズホールディングス,12,66.7,58118,-3.07,4843
8544,京葉銀行,12,83.3,57722,-0.91,4810
6976,太陽誘電,9,66.7,57462,-2.0,6384
4578,大塚ホールディングス,9,88.9,57187,-0.97,6354
7184,富山第一銀行,13,69.2,56970,-2.11,4382
6701,日本電気,14,57.1,56713,-3.09,4050
6800,ヨコオ,9,66.7,56494,-1.29,6277
5802,住友電気工業,14,57.1,55829,-3.22,3987
8031,三井物産,11,63.6,55595,-1.28,5054
9302,三井倉庫ホールディングス,7,71.4,54707,-0.73,7815
8388,阿波銀行,13,69.2,54592,-1.32,4199
6703,沖電気工業,11,45.5,54299,-2.35,4936
4549,栄研化学,11,72.7,53558,-1.58,4868
6250,やまびこ,16,62.5,53404,-1.62,3337
6330,東洋エンジニアリング,6,66.7,52791,-1.52,8798
8075,神鋼商事,13,76.9,52761,-0.95,4058
1417,ミライト・ワン,15,66.7,52630,-0.91,3508
9065,山九,11,72.7,52401,-0.7,4763
5857,ＡＲＥホールディングス,9,77.8,52333,-0.91,5814
9619,イチネンホールディングス,10,70.0,52185,-0.5,5218
4819,デジタルガレージ,9,55.6,52176,-1.4,5797
6134,ＦＵＪＩ,9,66.7,52176,-2.48,5797
7231,トピー工業,10,70.0,51954,-0.92,5195
5101,横浜ゴム,10,60.0,51241,-1.76,5124
4828,ビジネスエンジニアリング,14,71.4,50948,-0.94,3639
7520,エコス,12,58.3,50847,-1.18,4237
5741,ＵＡＣＪ,10,70.0,49952,-1.61,4995
7283,愛三工業,8,75.0,49829,-0.75,6228
7721,東京計器,17,52.9,49557,-4.27,2915
6481,ＴＨＫ,9,55.6,49136,-1.73,5459
4187,大阪有機化学工業,10,80.0,49070,-2.16,4907
4310,ドリームインキュベータ,6,83.3,48741,-0.23,8123
5713,住友金属鉱山,9,55.6,48565,-1.93,5396
6379,レイズネクスト,11,72.7,48553,-0.58,4413
1952,新日本空調,8,75.0,48237,-1.19,6029
5707,東邦亜鉛,14,50.0,47498,-4.54,3392
5930,文化シヤッター,11,63.6,47382,-1.42,4307
7157,ライフネット生命保険,10,60.0,46892,-2.37,4689
8035,東京エレクトロン,9,55.6,46890,-3.35,5210
3661,エムアップホールディングス,12,66.7,46727,-0.76,3893
3395,サンマルクホールディングス,16,62.5,46525,-1.43,2907
7725,インターアクション,10,60.0,46327,-0.66,4632
3593,ホギメディカル,13,61.5,46163,-0.98,3551
8336,武蔵野銀行,21,57.1,46152,-2.28,2197
5482,愛知製鋼,11,72.7,45246,-3.59,4113
6674,ジーエス・ユアサ　コーポレーション,10,70.0,45068,-1.9,4506
5831,しずおかフィナンシャルグループ,12,75.0,44963,-0.73,3746
6383,ダイフク,8,75.0,44821,-0.89,5602
5838,楽天銀行,12,50.0,44651,-2.71,3720
6278,ユニオンツール,9,55.6,44309,-1.98,4923
8624,いちよし証券,13,69.2,43672,-0.75,3359
7995,バルカー,5,80.0,43562,-0.84,8712
8157,都築電気,13,61.5,43330,-1.31,3333
6810,マクセル,11,72.7,43143,-0.89,3922
6787,メイコー,7,57.1,42892,-1.31,6127
4041,日本曹達,14,64.3,42681,-1.5,3048
4368,扶桑化学工業,12,75.0,42556,-1.93,3546
7296,エフ・シー・シー,16,62.5,42306,-1.62,2644
6809,ＴＯＡ,9,100.0,42036,0.0,4670
2975,スター・マイカ・ホールディングス,16,62.5,41927,-1.25,2620
4784,ＧＭＯインターネット,8,50.0,41713,-3.91,5214
8343,秋田銀行,11,72.7,41287,-0.7,3753
7867,タカラトミー,9,66.7,41280,-1.05,4586
6947,図研,11,63.6,41232,-1.72,3748
4249,森六,10,60.0,41057,-2.81,4105
8097,三愛オブリ,5,100.0,41025,0.0,8205
6136,オーエスジー,9,77.8,41003,-0.76,4555
3397,トリドールホールディングス,8,62.5,40987,-1.02,5123
2222,寿スピリッツ,9,55.6,40601,-0.91,4511
3034,クオールホールディングス,5,80.0,40088,-0.72,8017
9513,電源開発,10,70.0,40031,-1.22,4003
5214,日本電気硝子,12,58.3,39651,-1.87,3304
6113,アマダ,11,63.6,39624,-1.87,3602
5703,日本軽金属ホールディングス,8,75.0,39439,-1.82,4929
8386,百十四銀行,9,88.9,38836,-0.42,4315
8364,清水銀行,11,63.6,38775,-1.59,3525
3946,トーモク,13,61.5,38524,-1.07,2963
9621,建設技術研究所,11,63.6,38316,-1.34,3483
4544,Ｈ．Ｕ．グループホールディングス,13,69.2,38104,-0.69,2931
3086,Ｊ．フロント　リテイリング,11,63.6,38047,-2.01,3458
8368,百五銀行,19,57.9,38020,-1.35,2001
6323,ローツェ,10,50.0,37927,-2.78,3792
7483,ドウシシャ,18,66.7,37855,-1.74,2103
8345,岩手銀行,14,71.4,37736,-1.36,2695
2282,日本ハム,10,60.0,37688,-1.89,3768
8803,平和不動産,17,58.8,37642,-1.38,2214
9793,ダイセキ,7,71.4,37632,-1.56,5376
1938,日本リーテック,12,50.0,37605,-1.87,3133
1899,福田組,11,63.6,37506,-1.69,3409
268A,リガク・ホールディングス,7,71.4,37482,-1.98,5354
1885,東亜建設工業,12,50.0,37323,-1.55,3110
9381,エーアイテイー,12,66.7,37190,-1.17,3099
1719,安藤・間,9,77.8,36880,-0.3,4097
8011,三陽商会,9,77.8,36469,-1.1,4052
6455,モリタホールディングス,17,64.7,36459,-1.15,2144
5480,日本冶金工業,9,77.8,36457,-1.15,4050
7182,ゆうちょ銀行,9,66.7,36073,-0.68,4008
1861,熊谷組,8,62.5,36048,-0.58,4506
9991,ジェコス,14,71.4,36032,-0.5,2573
9790,福井コンピュータホールディングス,12,50.0,36023,-1.7,3001
1975,朝日工業社,9,55.6,35894,-2.28,3988
5981,東京製綱,13,69.2,35885,-2.16,2760
6368,オルガノ,11,63.6,35784,-3.48,3253
7389,あいちフィナンシャルグループ,12,75.0,35465,-0.94,2955
1964,中外炉工業,10,60.0,35235,-2.23,3523
7453,良品計画,9,55.6,35159,-1.84,3906
2768,双日,9,55.6,35078,-2.4,3897
1802,大林組,13,61.5,34959,-2.38,2689
6622,ダイヘン,5,80.0,34599,-1.34,6919
8331,千葉銀行,10,60.0,34554,-0.61,3455
4047,関東電化工業,10,60.0,34514,-1.03,3451
6460,セガサミーホールディングス,8,62.5,34511,-3.3,4313
8078,阪和興業,7,85.7,34216,-0.08,4888
9072,ニッコンホールディングス,8,75.0,34188,-0.93,4273
6804,ホシデン,12,75.0,34094,-1.66,2841
3038,神戸物産,6,83.3,34061,-1.21,5676
6963,ローム,8,62.5,33863,-3.19,4232
8337,千葉興業銀行,11,72.7,33759,-1.59,3069
3221,ヨシックスホールディングス,7,71.4,33689,-1.09,4812
5334,日本特殊陶業,18,50.0,33650,-1.96,1869
9531,東京瓦斯,7,57.1,33628,-0.97,4804
9984,ソフトバンクグループ,8,50.0,33029,-1.71,4128
6135,牧野フライス製作所,10,60.0,32698,-1.77,3269
9684,スクウェア・エニックス・ホールディングス,11,54.5,32694,-1.01,2972
8354,ふくおかフィナンシャルグループ,8,62.5,32607,-1.49,4075
6143,ソディック,14,64.3,32402,-0.8,2314
6289,技研製作所,7,57.1,32388,-2.73,4626
9142,九州旅客鉄道,7,85.7,32318,-0.06,4616
7701,島津製作所,9,66.7,32095,-0.73,3566
9551,メタウォーター,9,66.7,31954,-1.13,3550
6284,日精エー・エス・ビー機械,7,71.4,31832,-1.7,4547
8052,椿本興業,11,72.7,31747,-1.33,2886
6471,日本精工,7,85.7,31387,-0.22,4483
3436,ＳＵＭＣＯ,10,60.0,31320,-2.84,3132
8276,平和堂,12,66.7,31308,-1.16,2609
1833,奥村組,9,66.7,31261,-1.69,3473
4413,ボードルア,7,57.1,31191,-3.25,4455
5195,バンドー化学,7,71.4,31076,-1.58,4439
6013,タクマ,15,66.7,30959,-1.05,2063
4401,ＡＤＥＫＡ,6,83.3,30875,-0.62,5145
9107,川崎汽船,10,60.0,30668,-2.3,3066
8411,みずほフィナンシャルグループ,18,50.0,30532,-3.52,1696
1963,日揮ホールディングス,16,62.5,30287,-4.18,1892
9110,ＮＳユナイテッド海運,12,66.7,30252,-1.15,2521
3480,ジェイ・エス・ビー,7,71.4,30157,-1.18,4308
4186,東京応化工業,10,70.0,30087,-2.3,3008
5074,テスホールディングス,8,75.0,30047,-0.26,3755
8084,ＲＹＯＤＥＮ,11,63.6,30031,-1.56,2730
4617,中国塗料,12,66.7,30028,-2.37,2502
7741,ＨＯＹＡ,12,58.3,29924,-0.93,2493
3921,ネオジャパン,5,80.0,29839,-0.35,5967
4203,住友ベークライト,6,66.7,29698,-0.57,4949
4396,システムサポートホールディングス,6,66.7,29468,-0.63,4911
6146,ディスコ,9,66.7,29424,-3.48,3269
4684,オービック,7,71.4,29415,-0.91,4202
4221,大倉工業,10,60.0,29394,-0.7,2939
2767,円谷フィールズホールディングス,10,60.0,29355,-1.59,2935
3591,ワコールホールディングス,10,60.0,29350,-1.51,2935
5451,ヨドコウ,9,77.8,29100,-0.46,3233
6981,村田製作所,7,71.4,28977,-1.52,4139
7280,ミツバ,6,83.3,28961,-0.31,4826
4362,日本精化,8,62.5,28743,-0.91,3592
6473,ジェイテクト,10,60.0,28696,-0.9,2869
6588,東芝テック,10,50.0,28603,-3.08,2860
6310,井関農機,6,66.7,28523,-1.38,4753
8338,筑波銀行,13,76.9,28448,-0.21,2188
6407,ＣＫＤ,6,50.0,28408,-1.33,4734
4540,ツムラ,9,55.6,28263,-0.93,3140
7504,高速,12,58.3,28242,-1.7,2353
6490,ＰＩＬＬＡＲ,8,50.0,28039,-1.62,3504
3116,トヨタ紡織,6,66.7,28019,-1.36,4669
7921,ＴＡＫＡＲＡ　＆　ＣＯＭＰＡＮＹ,19,47.4,27961,-4.57,1471
4043,トクヤマ,9,66.7,27871,-0.78,3096
9081,神奈川中央交通,17,58.8,27813,-2.05,1636
2664,カワチ薬品,11,63.6,27775,-0.7,2525
1870,矢作建設工業,10,70.0,27770,-0.88,2777
6653,正興電機製作所,15,53.3,27659,-3.36,1843
1820,西松建設,12,50.0,27621,-1.91,2301
1808,長谷工コーポレーション,11,63.6,27584,-1.55,2507
8001,伊藤忠商事,16,56.2,27528,-1.93,1720
4189,ＫＨネオケム,7,71.4,27459,-1.37,3922
8074,ＹＵＡＳＡ,8,87.5,27322,-0.69,3415
8002,丸紅,13,53.8,27313,-2.1,2101
8395,佐賀銀行,9,66.7,27091,-1.05,3010
6965,浜松ホトニクス,8,62.5,26959,-2.99,3369
1976,明星工業,14,57.1,26925,-1.02,1923
6268,ナブテスコ,7,57.1,26868,-1.21,3838
7419,ノジマ,12,66.7,26730,-0.57,2227
8020,兼松,12,66.7,26688,-1.06,2224
5440,共英製鋼,13,53.8,26654,-0.79,2050
1934,ユアテック,9,66.7,26388,-1.94,2932
8150,三信電気,10,70.0,26337,-1.47,2633
8377,ほくほくフィナンシャルグループ,14,57.1,26288,-1.69,1877
5821,平河ヒューテック,11,54.5,26201,-2.14,2381
8550,栃木銀行,13,61.5,26187,-0.62,2014
4307,野村総合研究所,10,70.0,26066,-1.63,2606
6305,日立建機,13,46.2,26050,-3.01,2003
1926,ライト工業,12,50.0,25907,-2.37,2158
1944,きんでん,14,71.4,25888,-1.94,1849
9021,西日本旅客鉄道,7,71.4,25773,-0.77,3681
8387,四国銀行,12,50.0,25758,-1.3,2146
8715,アニコム　ホールディングス,8,75.0,25742,-0.5,3217
7949,小松ウオール工業,7,71.4,25676,-0.57,3668
9037,ハマキョウレックス,14,57.1,25655,-0.6,1832
3407,旭化成,9,77.8,25630,-0.55,2847
8923,トーセイ,12,58.3,25561,-1.04,2130
5901,東洋製罐グループホールディングス,12,58.3,25537,-1.54,2128
8086,ニプロ,11,63.6,25483,-0.94,2316
5185,フコク,5,80.0,25341,-0.52,5068
6369,トーヨーカネツ,12,66.7,25286,-1.57,2107
9303,住友倉庫,15,66.7,25223,-1.23,1681
9887,松屋フーズホールディングス,8,62.5,25106,-1.31,3138
3064,ＭｏｎｏｔａＲＯ,8,50.0,25095,-1.65,3136
5711,三菱マテリアル,9,55.6,25073,-1.16,2785
5830,いよぎんホールディングス,13,61.5,24975,-1.6,1921
8750,第一ライフグループ,13,61.5,24952,-1.08,1919
2060,フィード・ワン,9,88.9,24872,-0.43,2763
6445,ジャノメ,19,52.6,24809,-1.33,1305
7607,進和,14,57.1,24775,-1.34,1769
9409,テレビ朝日ホールディングス,13,46.2,24765,-1.06,1905
8399,琉球銀行,13,61.5,24728,-1.07,1902
1951,エクシオグループ,11,54.5,24646,-1.64,2240
7735,ＳＣＲＥＥＮホールディングス,8,50.0,24629,-2.82,3078
3148,クリエイトＳＤホールディングス,5,80.0,24594,-0.06,4918
6517,デンヨー,14,57.1,24557,-2.3,1754
4023,クレハ,8,62.5,24549,-1.29,3068
7955,クリナップ,12,66.7,24414,-0.41,2034
1888,若築建設,12,58.3,24314,-2.76,2026
5832,ちゅうぎんフィナンシャルグループ,14,50.0,24252,-3.3,1732
6914,オプテックスグループ,8,62.5,24000,-1.78,3000
3106,倉敷紡績,16,56.2,23976,-3.67,1498
6440,ＪＵＫＩ,13,69.2,23929,-0.55,1840
1721,コムシスホールディングス,11,63.6,23897,-1.04,2172
2281,プリマハム,11,72.7,23604,-0.67,2145
8802,三菱地所,8,62.5,23594,-1.61,2949
7649,スギホールディングス,9,55.6,23570,-0.92,2618
9989,サンドラッグ,7,71.4,23539,-1.07,3362
6332,月島ホールディングス,9,66.7,23482,-1.35,2609
3391,ツルハホールディングス,10,50.0,23392,-1.3,2339
9247,ＴＲＥホールディングス,14,57.1,23373,-1.94,1669
9948,アークス,13,69.2,23299,-1.25,1792
3433,トーカロ,13,61.5,23066,-2.25,1774
7550,ゼンショーホールディングス（優先株式）,5,80.0,22996,-0.89,4599
2296,伊藤ハム米久ホールディングス,7,57.1,22912,-0.55,3273
5261,リソルホールディングス,10,60.0,22824,-0.78,2282
8012,長瀬産業,11,72.7,22351,-0.36,2031
7167,めぶきフィナンシャルグループ,19,52.6,22283,-0.79,1172
5463,丸一鋼管,9,77.8,22273,-0.46,2474
7128,ユニソルホールディングス,6,66.7,22221,-0.66,3703
4095,日本パーカライジング,13,69.2,22115,-0.68,1701
8358,スルガ銀行,17,52.9,22082,-1.48,1298
8237,松屋,10,50.0,22064,-1.8,2206
7729,東京精密,11,54.5,22023,-4.56,2002
7447,ナガイレーベン,5,60.0,22020,-0.81,4404
5975,東プレ,10,70.0,21950,-0.84,2195
7189,西日本フィナンシャルホールディングス,17,47.1,21914,-2.87,1289
3863,日本製紙,8,62.5,21881,-1.16,2735
9069,センコーグループホールディングス,13,46.2,21861,-1.23,1681
6745,ホーチキ,17,47.1,21847,-2.03,1285
6361,荏原製作所,9,55.6,21582,-2.24,2398
7606,ユナイテッドアローズ,9,55.6,21307,-1.03,2367
9936,王将フードサービス,14,50.0,21253,-0.98,1518
5351,品川リフラ,12,58.3,21204,-1.67,1767
8591,オリックス,7,71.4,21040,-1.19,3005
2681,ゲオホールディングス,10,60.0,20993,-1.24,2099
5976,高周波熱錬,7,85.7,20912,-0.29,2987
4528,小野薬品工業,6,66.7,20811,-0.79,3468
6951,日本電子,5,60.0,20797,-1.04,4159
7780,メニコン,5,80.0,20793,-0.82,4158
2264,森永乳業,12,58.3,20757,-2.3,1729
4633,サカタインクス,10,60.0,20685,-0.96,2068
9025,鴻池運輸,14,57.1,20675,-1.21,1476
3401,帝人,5,80.0,20657,-0.46,4131
7383,ネットプロテクションズホールディングス,11,63.6,20425,-0.56,1856
4384,ラクスル,9,55.6,20387,-1.46,2265
212A,フィットイージー,5,60.0,20212,-3.6,4042
1959,クラフティア,7,57.1,20102,-1.64,2871
8053,住友商事,9,88.9,20014,-0.82,2223
7609,ダイトロン,10,60.0,20013,-1.69,2001
6326,クボタ,8,50.0,19995,-1.23,2499
9702,アイ・エス・ビー,9,66.7,19959,-0.97,2217
4118,カネカ,10,70.0,19954,-0.89,1995
1946,トーエネック,13,53.8,19940,-2.07,1533
7537,丸文,6,83.3,19918,-0.64,3319
5938,ＬＩＸＩＬ,5,80.0,19885,-0.48,3977
3708,特種東海製紙,12,66.7,19835,-0.62,1652
3864,三菱製紙,10,60.0,19817,-0.52,1981
6381,アネスト岩田,9,55.6,19753,-1.6,2194
2378,ルネサンス,10,70.0,19695,-0.28,1969
3139,ラクト・ジャパン,5,60.0,19682,-1.2,3936
6005,三浦工業,7,57.1,19593,-1.43,2799
9020,東日本旅客鉄道,13,53.8,19495,-1.38,1499
1720,東急建設,8,62.5,19470,-0.97,2433
2695,くら寿司,5,60.0,19385,-0.71,3877
4246,ダイキョーニシカワ,12,66.7,19342,-0.35,1611
5011,ニチレキグループ,6,66.7,19310,-0.53,3218
8101,ＧＳＩクレオス,10,60.0,19307,-0.8,1930
8334,群馬銀行,13,53.8,19209,-2.16,1477
8032,日本紙パルプ商事,11,63.6,19061,-0.28,1732
4044,セントラル硝子,6,66.7,19055,-1.07,3175
8524,北洋銀行,18,61.1,18997,-0.7,1055
4216,旭有機材,6,66.7,18987,-0.84,3164
8793,ＮＥＣキャピタルソリューション,13,53.8,18937,-1.49,1456
1332,ニッスイ,10,60.0,18756,-0.39,1875
9273,コーア商事ホールディングス,10,80.0,18749,-0.33,1874
9601,松竹,15,53.3,18612,-1.62,1240
2749,ＪＰホールディングス,11,81.8,18336,-0.54,1666
5201,ＡＧＣ,7,71.4,18152,-0.6,2593
7180,九州フィナンシャルグループ,9,66.7,18101,-0.86,2011
9532,大阪瓦斯,10,70.0,18082,-0.94,1808
7327,第四北越フィナンシャルグループ,21,52.4,18080,-2.64,860
6331,三菱化工機,11,45.5,18039,-2.91,1639
9435,光通信,15,53.3,17770,-2.09,1184
4686,ジャストシステム,12,50.0,17762,-2.19,1480
6349,小森コーポレーション,14,64.3,17713,-1.08,1265
4521,科研製薬,8,62.5,17696,-0.85,2212
4503,アステラス製薬,6,50.0,17653,-1.27,2942
8137,サンワテクノス,13,53.8,17533,-1.5,1348
8174,日本瓦斯,8,62.5,17508,-0.7,2188
9746,ＴＫＣ,9,66.7,17382,-1.25,1931
3076,あい　ホールディングス,5,80.0,17310,-0.92,3462
7226,極東開発工業,11,54.5,17075,-2.45,1552
6856,堀場製作所,13,53.8,16905,-1.96,1300
7989,立川ブラインド工業,12,50.0,16855,-1.06,1404
4613,関西ペイント,7,71.4,16825,-0.85,2403
3880,大王製紙,7,57.1,16665,-0.35,2380
6328,荏原実業,9,55.6,16410,-3.54,1823
4718,早稲田アカデミー,19,57.9,16370,-1.93,861
6925,ウシオ電機,9,55.6,16369,-1.06,1818
6741,日本信号,10,50.0,16338,-0.61,1633
5602,栗本鐵工所,8,62.5,16204,-1.05,2025
4554,富士製薬工業,8,62.5,16161,-0.77,2020
8308,りそなホールディングス,14,50.0,16146,-2.05,1153
4553,東和薬品,9,55.6,16101,-1.62,1789
8850,スターツコーポレーション,17,47.1,16085,-2.38,946
7172,ジャパンインベストメントアドバイザー,9,55.6,15997,-1.35,1777
4205,日本ゼオン,7,71.4,15990,-0.63,2284
6798,ＳＭＫ,8,50.0,15975,-2.18,1996
7246,プレス工業,8,62.5,15965,-0.38,1995
7936,アシックス,14,50.0,15957,-4.29,1139
6070,キャリアリンク,6,83.3,15912,-0.78,2652
8725,ＭＳ＆ＡＤインシュアランスグループホールディングス,8,50.0,15795,-2.78,1974
3099,三越伊勢丹ホールディングス,8,50.0,15794,-3.71,1974
4028,石原産業,7,57.1,15730,-1.5,2247
6644,大崎電気工業,17,64.7,15697,-1.65,923
3915,テラスカイ,10,50.0,15627,-4.72,1562
5726,大阪チタニウムテクノロジーズ,6,50.0,15394,-1.94,2565
9412,スカパーＪＳＡＴ,12,50.0,15343,-1.76,1278
1835,東鉄工業,13,53.8,15263,-2.73,1174
7613,シークス,5,80.0,15208,-0.51,3041
4116,大日精化工業,10,60.0,15192,-1.3,1519
8370,紀陽銀行,20,45.0,15192,-1.96,759
4042,東ソー,13,53.8,15080,-1.19,1160
7510,たけびし,13,53.8,15004,-2.62,1154
6301,小松製作所,14,57.1,14989,-1.77,1070
8282,ケーズホールディングス,10,60.0,14946,-0.93,1494
9869,加藤産業,10,60.0,14850,-1.06,1485
7181,かんぽ生命保険,8,62.5,14849,-0.83,1856
6908,イリソ電子工業,15,53.3,14807,-2.65,987
9519,レノバ,5,60.0,14765,-1.32,2953
7202,いすゞ自動車,6,66.7,14752,-1.06,2458
6845,アズビル,7,71.4,14709,-0.27,2101
3465,ケイアイスター不動産,11,45.5,14685,-3.39,1335
4923,コタ,5,80.0,14569,-0.43,2913
5384,フジミインコーポレーテッド,8,62.5,14532,-2.14,1816
4681,リゾートトラスト,12,58.3,14451,-1.74,1204
3002,グンゼ,9,55.6,14376,-1.07,1597
6340,澁谷工業,10,50.0,14350,-1.68,1435
8016,オンワードホールディングス,11,72.7,14346,-0.3,1304
3836,アバントグループ,10,50.0,14259,-1.89,1425
8714,池田泉州ホールディングス,14,57.1,14253,-1.0,1018
2211,不二家,9,55.6,14230,-0.82,1581
7943,ニチハ,6,50.0,14180,-0.9,2363
6367,ダイキン工業,7,57.1,13931,-1.95,1990
6480,日本トムソン,9,55.6,13832,-0.62,1536
4751,サイバーエージェント,12,58.3,13779,-1.84,1148
1852,淺沼組,13,53.8,13731,-0.61,1056
3964,オークネット,12,66.7,13726,-0.88,1143
3608,ＴＳＩホールディングス,7,85.7,13687,-0.49,1955
9658,ビジネスブレイン太田昭和,16,56.2,13663,-1.13,853
6058,ベクトル,7,57.1,13595,-0.56,1942
3837,アドソル日進,16,56.2,13577,-1.28,848
8616,東海東京フィナンシャル・ホールディングス,10,70.0,13564,-0.44,1356
6258,平田機工,9,66.7,13544,-1.26,1504
4997,日本農薬,11,54.5,13530,-1.1,1230
1929,日特建設,10,60.0,13528,-0.6,1352
5302,日本カーボン,8,62.5,13495,-0.73,1686
8367,南都銀行,19,52.6,13480,-1.43,709
5186,ニッタ,12,75.0,13356,-0.69,1113
3156,レスター,7,57.1,13346,-0.82,1906
6240,ヤマシンフィルタ,10,60.0,13318,-0.65,1331
8103,明和産業,14,64.3,13270,-0.53,947
7278,エクセディ,11,54.5,13146,-2.39,1195
4064,日本カーバイド工業,14,64.3,13126,-2.71,937
2815,アリアケジャパン,5,60.0,13117,-1.71,2623
6996,ニチコン,12,50.0,13087,-1.74,1090
4538,扶桑薬品工業,10,50.0,12905,-2.04,1290
2288,丸大食品,17,47.1,12897,-1.44,758
7245,大同メタル工業,9,55.6,12802,-1.61,1422
4694,ビー・エム・エル,10,50.0,12734,-1.39,1273
8141,新光商事,15,46.7,12721,-1.1,848
5929,三和ホールディングス,6,50.0,12674,-1.12,2112
5714,ＤＯＷＡホールディングス,10,60.0,12626,-3.06,1262
4151,協和キリン,13,46.2,12612,-1.94,970
7381,ＣＣＩグループ,11,63.6,12555,-0.66,1141
3861,王子ホールディングス,8,75.0,12548,-0.16,1568
8541,愛媛銀行,10,50.0,12482,-1.38,1248
4061,デンカ,6,66.7,12200,-1.07,2033
8892,エスコン,15,60.0,12167,-0.78,811
7596,魚力,11,54.5,12099,-1.47,1099
3656,ＫＬａｂ,5,80.0,11853,-0.36,2370
6302,住友重機械工業,5,60.0,11796,-0.69,2359
8242,エイチ・ツー・オー　リテイリング,12,50.0,11697,-2.57,974
7241,フタバ産業,10,60.0,11623,-0.74,1162
7981,タカラスタンダード,7,71.4,11612,-0.94,1658
1925,大和ハウス工業,10,60.0,11610,-1.43,1161
3877,中越パルプ工業,7,57.1,11396,-0.91,1628
3388,明治電機工業,13,53.8,11360,-1.4,873
8159,立花エレテック,8,50.0,11287,-0.76,1410
9304,澁澤倉庫,14,57.1,11229,-1.28,802
4220,リケンテクノス,17,52.9,11136,-1.65,655
9744,メイテックグループホールディングス,9,66.7,11128,-1.46,1236
8630,ＳＯＭＰＯホールディングス,10,60.0,11000,-0.49,1100
6961,エンプラス,5,60.0,10972,-1.34,2194
6508,明電舎,13,46.2,10933,-3.49,841
9039,サカイ引越センター,12,50.0,10931,-1.25,910
6728,アルバック,6,50.0,10883,-1.65,1813
4809,パラカ,9,66.7,10832,-0.85,1203
1414,ショーボンドホールディングス,5,80.0,10785,-0.64,2157
9404,日本テレビホールディングス,8,50.0,10589,-1.25,1323
3201,日本毛織,9,55.6,10548,-1.09,1172
9743,丹青社,7,71.4,10547,-0.57,1506
6742,京三製作所,9,66.7,10445,-0.3,1160
3482,ロードスターキャピタル,7,57.1,10380,-1.65,1482
4046,大阪ソーダ,5,60.0,10365,-0.65,2073
8136,サンリオ,15,60.0,10339,-3.44,689
2676,高千穂交易,13,61.5,10288,-1.49,791
5844,京都フィナンシャルグループ,12,58.3,10233,-1.59,852
7322,三十三フィナンシャルグループ,14,50.0,10232,-1.08,730
7762,シチズン時計,6,66.7,10227,-0.51,1704
3105,日清紡ホールディングス,11,54.5,10210,-0.72,928
8393,宮崎銀行,13,53.8,10167,-0.84,782
1882,東亜道路工業,15,53.3,10117,-1.22,674
6078,バリューＨＲ,11,54.5,10088,-1.37,917
7294,ヨロズ,7,57.1,10040,-0.99,1434
6503,三菱電機,12,50.0,9930,-2.8,827
7239,タチエス,7,57.1,9924,-0.95,1417
8830,住友不動産,12,50.0,9923,-3.82,826
7433,伯東,6,66.7,9794,-0.51,1632
3101,東洋紡,7,57.1,9781,-0.58,1397
3179,シュッピン,8,50.0,9737,-1.09,1217
4202,ダイセル,5,60.0,9690,-1.09,1938
6197,ソラスト,6,50.0,9655,-0.7,1609
8622,水戸証券,12,50.0,9608,-0.66,800
7581,サイゼリヤ,11,45.5,9604,-3.43,873
6727,ワコム,12,50.0,9590,-0.66,799
9533,東邦瓦斯,9,55.6,9527,-0.84,1058
7972,イトーキ,9,55.6,9494,-1.65,1054
6929,日本セラミック,8,50.0,9220,-0.8,1152
4732,ユー・エス・エス,10,50.0,9158,-0.96,915
8125,ワキタ,12,58.3,9065,-1.51,755
3402,東レ,9,66.7,9062,-0.79,1006
9274,ＫＰＰグループホールディングス,9,66.7,9046,-0.43,1005
6750,エレコム,10,50.0,8988,-1.02,898
4005,住友化学,9,77.8,8968,-0.33,996
3231,野村不動産ホールディングス,9,55.6,8853,-0.63,983
4385,メルカリ,8,50.0,8796,-1.78,1099
6592,マブチモーター,5,60.0,8716,-0.47,1743
6954,ファナック,7,57.1,8542,-2.23,1220
8079,正栄食品工業,7,57.1,8517,-0.87,1216
6560,エル・ティー・エス,10,50.0,8507,-3.02,850
6723,ルネサスエレクトロニクス,6,50.0,8475,-2.43,1412
7917,ＺＡＣＲＯＳ,9,66.7,8296,-0.8,921
8061,西華産業,16,50.0,8257,-2.29,516
7628,オーハシテクニカ,14,57.1,8251,-1.17,589
6209,リケンＮＰＲ,6,50.0,8098,-1.43,1349
3636,三菱総合研究所,7,57.1,8079,-2.38,1154
9644,タナベコンサルティンググループ,12,66.7,8003,-1.16,666
8056,ＢＩＰＲＯＧＹ,5,60.0,7869,-0.69,1573
3539,ＪＭホールディングス,11,45.5,7803,-1.76,709
2002,日清製粉グループ本社,6,50.0,7768,-1.03,1294
167A,リョーサン菱洋ホールディングス,9,55.6,7764,-1.91,862
6788,日本トリム,14,57.1,7651,-1.76,546
1333,Ｕｍｉｏｓ,6,66.7,7639,-0.42,1273
9990,サックスバー　ホールディングス,5,80.0,7621,-0.18,1524
5406,神戸製鋼所,7,57.1,7614,-0.98,1087
7088,フォーラムエンジニアリング,10,60.0,7608,-0.64,760
5357,ヨータイ,10,50.0,7607,-1.4,760
9934,因幡電機産業,14,64.3,7604,-0.92,543
2540,養命酒製造,15,60.0,7439,-2.49,495
4725,ＣＡＣ　Ｈｏｌｄｉｎｇｓ,6,50.0,7306,-1.24,1217
8281,ゼビオホールディングス,13,53.8,7284,-1.11,560
5727,東邦チタニウム,6,50.0,7111,-1.96,1185
2982,ＡＤワークスグループ,8,75.0,7045,-0.52,880
1860,戸田建設,8,50.0,7033,-0.91,879
4968,荒川化学工業,13,53.8,6993,-2.05,537
4662,フォーカスシステムズ,10,50.0,6975,-1.52,697
7475,アルビス,9,55.6,6855,-1.28,761
2742,ハローズ,10,50.0,6738,-1.3,673
3289,東急不動産ホールディングス,9,55.6,6737,-0.53,748
8098,稲畑産業,12,50.0,6700,-2.23,558
7976,三菱鉛筆,11,54.5,6676,-2.59,606
3291,飯田グループホールディングス,8,62.5,6663,-1.62,832
7242,カヤバ,12,50.0,6616,-2.09,551
2734,サーラコーポレーション,16,50.0,6607,-1.02,412
7261,マツダ,5,60.0,6603,-0.87,1320
6958,日本シイエムケイ,7,57.1,6594,-0.46,942
8346,東邦銀行,12,50.0,6563,-0.55,546
9031,西日本鉄道,7,57.1,6561,-0.63,937
8601,大和証券グループ本社,7,71.4,6545,-0.44,935
5957,日東精工,11,63.6,6512,-0.39,592
9046,神戸電鉄,7,57.1,6507,-1.03,929
8585,オリエントコーポレーション,6,66.7,6505,-0.03,1084
4826,ＣＩＪ,8,50.0,6495,-0.47,811
8007,高島,10,50.0,6410,-0.45,641
2784,アルフレッサ　ホールディングス,5,80.0,6387,-0.84,1277
6744,能美防災,15,46.7,6376,-3.29,425
7085,カーブスホールディングス,9,66.7,6289,-0.44,698
4188,三菱ケミカルグループ,7,57.1,6198,-0.91,885
4318,クイック,6,50.0,6124,-0.17,1020
7575,日本ライフライン,9,66.7,6085,-0.7,676
3050,ＤＣＭホールディングス,11,54.5,6069,-1.01,551
8142,トーホー,6,66.7,6050,-0.63,1008
6472,ＮＴＮ,6,83.3,6036,-0.12,1006
7966,リンテック,8,50.0,5944,-1.96,743
4704,トレンドマイクロ,7,57.1,5890,-1.37,841
8194,ライフコーポレーション,12,58.3,5877,-1.44,489
2170,リンクアンドモチベーション,10,50.0,5776,-1.0,577
8771,イー・ギャランティ,5,60.0,5700,-0.68,1140
4337,ぴあ,6,50.0,5663,-1.62,943
3245,ディア・ライフ,6,50.0,5659,-0.44,943
4078,堺化学工業,12,50.0,5552,-2.01,462
7846,パイロットコーポレーション,14,50.0,5442,-2.32,388
9119,飯野海運,11,54.5,5277,-1.92,479
1945,東京エネシス,7,57.1,5249,-1.09,749
7818,トランザクション,6,50.0,5146,-1.44,857
4668,明光ネットワークジャパン,14,57.1,5142,-0.18,367
3288,オープンハウスグループ,13,53.8,5121,-4.22,393
8614,東洋証券,19,52.6,5047,-1.1,265
5461,中部鋼鈑,7,57.1,4979,-0.98,711
5471,大同特殊鋼,5,60.0,4971,-1.39,994
6718,アイホン,9,55.6,4847,-2.07,538
5902,ホッカンホールディングス,11,63.6,4832,-1.07,439
5852,アーレスティ,7,71.4,4704,-0.64,672
5208,有沢製作所,8,50.0,4700,-1.77,587
7438,コンドーテック,12,50.0,4562,-1.19,380
9511,沖縄電力,9,55.6,4415,-1.04,490
4461,第一工業製薬,10,60.0,4395,-2.28,439
3360,シップヘルスケアホールディングス,8,50.0,4391,-0.96,548
9364,上組,10,70.0,4359,-1.21,435
9740,セントラル警備保障,13,53.8,4065,-3.57,312
7552,ハピネット,14,57.1,4002,-3.85,285
4902,コニカミノルタ,7,57.1,3989,-0.38,569
6371,椿本チエイン,12,50.0,3904,-2.14,325
8600,トモニホールディングス,14,57.1,3854,-0.72,275
6184,鎌倉新書,10,50.0,3832,-0.87,383
2337,いちご,13,53.8,3831,-0.29,294
9534,北海道瓦斯,11,45.5,3726,-0.7,338
7616,コロワイド,6,50.0,3655,-0.65,609
8881,日神グループホールディングス,13,61.5,3591,-0.61,276
9536,西部ガスホールディングス,11,45.5,3582,-0.88,325
9001,東武鉄道,8,50.0,3554,-1.22,444
2492,インフォマート,8,50.0,3550,-0.6,443
6417,ＳＡＮＫＹＯ,12,58.3,3523,-2.59,293
5989,エイチワン,13,53.8,3520,-1.4,270
8219,青山商事,7,57.1,3435,-0.62,490
2531,宝ホールディングス,8,62.5,3397,-0.76,424
8093,極東貿易,6,66.7,3319,-0.82,553
2181,パーソルホールディングス,7,57.1,3280,-0.11,468
3176,三洋貿易,11,54.5,3274,-1.47,297
5959,岡部,7,57.1,3065,-0.41,437
9310,日本トランスシティ,11,54.5,3046,-1.32,276
3088,マツキヨココカラ＆カンパニー,9,55.6,3036,-1.6,337
8132,シナネンホールディングス,13,46.2,3029,-3.28,233
9003,相鉄ホールディングス,7,57.1,2962,-1.11,423
7513,コジマ,13,61.5,2950,-1.68,226
3198,ＳＦＰホールディングス,6,50.0,2935,-0.88,489
3769,ＧＭＯペイメントゲートウェイ,6,50.0,2917,-2.54,486
9502,中部電力,12,50.0,2897,-1.9,241
9470,学研ホールディングス,11,45.5,2879,-0.63,261
1871,ピーエス・コンストラクション,12,50.0,2795,-1.86,232
8359,八十二長野銀行,11,54.5,2774,-1.32,252
8511,日本証券金融,11,45.5,2769,-2.33,251
9006,京浜急行電鉄,9,55.6,2722,-0.97,302
9900,サガミホールディングス,16,50.0,2716,-2.2,169
9474,ゼンリン,6,66.7,2596,-0.7,432
8051,山善,9,77.8,2592,-1.02,288
7637,白銅,6,66.7,2551,-1.23,425
8130,サンゲツ,8,62.5,2463,-0.71,307
1375,ユキグニファクトリー,11,45.5,2327,-0.66,211
1726,ビーアールホールディングス,6,50.0,2265,-0.07,377
5991,日本発條,10,50.0,2196,-3.76,219
1878,大東建託,6,50.0,2087,-1.7,347
4433,ヒト・コミュニケーションズ・ホールディングス,9,55.6,2058,-0.97,228
1518,三井松島ホールディングス,10,50.0,1990,-1.39,199
4574,大幸薬品,6,50.0,1910,-0.38,318
2933,紀文食品,8,50.0,1904,-0.47,238
3167,ＴＯＫＡＩホールディングス,12,58.3,1869,-0.51,155
2602,日清オイリオグループ,5,60.0,1823,-1.11,364
7380,十六フィナンシャルグループ,12,58.3,1743,-1.4,145
8227,しまむら,13,46.2,1696,-2.51,130
7914,共同印刷,11,54.5,1693,-1.13,153
4114,日本触媒,8,50.0,1662,-1.0,207
2198,アイ・ケイ・ケイホールディングス,11,54.5,1597,-0.41,145
3903,ｇｕｍｉ,5,60.0,1539,-0.67,307
2146,ＵＴグループ,6,66.7,1526,-0.11,254
9509,北海道電力,7,57.1,1482,-0.83,211
2207,ｍｅｉｔｏ,14,50.0,1468,-2.56,104
7715,長野計器,9,66.7,1411,-1.2,156
8897,ＭＩＲＡＲＴＨホールディングス,5,60.0,1351,-0.16,270
6457,グローリー,6,50.0,1320,-0.93,220
6196,ストライクグループ,5,60.0,1302,-1.42,260
3284,フージャースホールディングス,13,53.8,1288,-0.9,99
8060,キヤノンマーケティングジャパン,16,62.5,1265,-1.85,79
5202,日本板硝子,10,50.0,1264,-1.29,126
8255,アクシアル　リテイリング,15,46.7,1234,-1.4,82
9997,ベルーナ,12,58.3,1186,-1.26,98
8081,カナデン,11,45.5,1091,-1.54,99
8153,モスフードサービス,13,53.8,1011,-1.25,77
3232,三重交通グループホールディングス,11,54.5,918,-0.36,83
2935,ピックルスホールディングス,8,50.0,849,-0.53,106
4228,積水化成品工業,6,50.0,759,-0.35,126
8185,チヨダ,7,57.1,690,-1.39,98
6458,新晃工業,6,50.0,657,-1.33,109
1887,日本国土開発,8,50.0,577,-0.34,72
9504,中国電力,6,50.0,444,-1.09,74
8595,ジャフコ　グループ,14,57.1,376,-1.79,26
9824,泉州電業,6,50.0,333,-2.65,55
1982,日比谷総合設備,12,50.0,254,-4.03,21
4072,電算システムホールディングス,5,60.0,111,-1.85,22
6762,ＴＤＫ,9,55.6,81,-1.81,9
